{
  "summary_statistics": {
    "train": {
      "accuracy": {
        "mean": 0.7625,
        "std": 0.16540669575322517,
        "values": [
          0.9375,
          0.49375,
          0.65,
          0.86875,
          0.8625
        ]
      },
      "auc": {
        "mean": 0.80334375,
        "std": 0.1867689812140924,
        "values": [
          0.9896875,
          0.5125,
          0.65296875,
          0.9325,
          0.9290625
        ]
      },
      "sensitivity": {
        "mean": 0.825,
        "std": 0.07945124291035352,
        "values": [
          0.925,
          0.825,
          0.6875,
          0.875,
          0.8125
        ]
      },
      "specificity": {
        "mean": 0.7000000000000001,
        "std": 0.29347061181658374,
        "values": [
          0.95,
          0.1625,
          0.6125,
          0.8625,
          0.9125
        ]
      },
      "ppv": {
        "mean": 0.7702937485169227,
        "std": 0.17344056138991618,
        "values": [
          0.9487179487179487,
          0.49624060150375937,
          0.6395348837209303,
          0.8641975308641975,
          0.9027777777777778
        ]
      },
      "npv": {
        "mean": 0.7546872176001537,
        "std": 0.16281021709214522,
        "values": [
          0.926829268292683,
          0.48148148148148145,
          0.6621621621621622,
          0.8734177215189873,
          0.8295454545454546
        ]
      },
      "f1": {
        "mean": 0.7887812296628656,
        "std": 0.12435408274796989,
        "values": [
          0.9367088607594937,
          0.6197183098591549,
          0.6626506024096386,
          0.8695652173913043,
          0.8552631578947368
        ]
      }
    },
    "val": {
      "accuracy": {
        "mean": 0.8099999999999999,
        "std": 0.08,
        "values": [
          0.95,
          0.8,
          0.8,
          0.8,
          0.7
        ]
      },
      "auc": {
        "mean": 0.8400000000000001,
        "std": 0.08740709353364862,
        "values": [
          1.0,
          0.8300000000000001,
          0.8400000000000001,
          0.74,
          0.79
        ]
      },
      "sensitivity": {
        "mean": 0.8400000000000001,
        "std": 0.12000000000000002,
        "values": [
          0.9,
          0.9,
          1.0,
          0.7,
          0.7
        ]
      },
      "specificity": {
        "mean": 0.7799999999999999,
        "std": 0.1469693845669907,
        "values": [
          1.0,
          0.7,
          0.6,
          0.9,
          0.7
        ]
      },
      "ppv": {
        "mean": 0.8078571428571429,
        "std": 0.11416064585146886,
        "values": [
          1.0,
          0.75,
          0.7142857142857143,
          0.875,
          0.7
        ]
      },
      "npv": {
        "mean": 0.8468181818181819,
        "std": 0.10868865230784615,
        "values": [
          0.9090909090909091,
          0.875,
          1.0,
          0.75,
          0.7
        ]
      },
      "f1": {
        "mean": 0.8153322700691122,
        "std": 0.0805947588620828,
        "values": [
          0.9473684210526315,
          0.8181818181818182,
          0.8333333333333334,
          0.7777777777777778,
          0.7
        ]
      }
    },
    "test": {
      "accuracy": {
        "mean": 0.71,
        "std": 0.08602325267042626,
        "values": [
          0.85,
          0.6,
          0.75,
          0.65,
          0.7
        ]
      },
      "auc": {
        "mean": 0.792,
        "std": 0.08034923770640272,
        "values": [
          0.8600000000000001,
          0.6599999999999999,
          0.77,
          0.89,
          0.7799999999999999
        ]
      },
      "sensitivity": {
        "mean": 0.7,
        "std": 0.1788854381999832,
        "values": [
          0.9,
          0.8,
          0.8,
          0.4,
          0.6
        ]
      },
      "specificity": {
        "mean": 0.7200000000000001,
        "std": 0.17204650534085256,
        "values": [
          0.8,
          0.4,
          0.7,
          0.9,
          0.8
        ]
      },
      "ppv": {
        "mean": 0.7333766233766233,
        "std": 0.08737432243677322,
        "values": [
          0.8181818181818182,
          0.5714285714285714,
          0.7272727272727273,
          0.8,
          0.75
        ]
      },
      "npv": {
        "mean": 0.72,
        "std": 0.10193195503270858,
        "values": [
          0.8888888888888888,
          0.6666666666666666,
          0.7777777777777778,
          0.6,
          0.6666666666666666
        ]
      },
      "f1": {
        "mean": 0.6971428571428571,
        "std": 0.10815291098345439,
        "values": [
          0.8571428571428571,
          0.6666666666666666,
          0.7619047619047619,
          0.5333333333333333,
          0.6666666666666666
        ]
      }
    }
  },
  "folds": [
    {
      "fold": 1,
      "train_size": 160,
      "val_size": 20,
      "test_size": 20,
      "best_epoch": 43,
      "best_train_metrics": {
        "accuracy": 0.9375,
        "auc": 0.9896875,
        "sensitivity": 0.925,
        "specificity": 0.95,
        "ppv": 0.9487179487179487,
        "npv": 0.926829268292683,
        "f1": 0.9367088607594937,
        "tp": 74,
        "tn": 76,
        "fp": 4,
        "fn": 6,
        "loss": 0.15311624856149136
      },
      "best_val_metrics": {
        "accuracy": 0.95,
        "auc": 1.0,
        "sensitivity": 0.9,
        "specificity": 1.0,
        "ppv": 1.0,
        "npv": 0.9090909090909091,
        "f1": 0.9473684210526315,
        "tp": 9,
        "tn": 10,
        "fp": 0,
        "fn": 1,
        "loss": 0.19340951521880925
      },
      "test_metrics": {
        "accuracy": 0.85,
        "auc": 0.8600000000000001,
        "sensitivity": 0.9,
        "specificity": 0.8,
        "ppv": 0.8181818181818182,
        "npv": 0.8888888888888888,
        "f1": 0.8571428571428571,
        "tp": 9,
        "tn": 8,
        "fp": 2,
        "fn": 1
      }
    },
    {
      "fold": 2,
      "train_size": 160,
      "val_size": 20,
      "test_size": 20,
      "best_epoch": 1,
      "best_train_metrics": {
        "accuracy": 0.49375,
        "auc": 0.5125,
        "sensitivity": 0.825,
        "specificity": 0.1625,
        "ppv": 0.49624060150375937,
        "npv": 0.48148148148148145,
        "f1": 0.6197183098591549,
        "tp": 66,
        "tn": 13,
        "fp": 67,
        "fn": 14,
        "loss": 0.7116489440202713
      },
      "best_val_metrics": {
        "accuracy": 0.8,
        "auc": 0.8300000000000001,
        "sensitivity": 0.9,
        "specificity": 0.7,
        "ppv": 0.75,
        "npv": 0.875,
        "f1": 0.8181818181818182,
        "tp": 9,
        "tn": 7,
        "fp": 3,
        "fn": 1,
        "loss": 0.6449434459209442
      },
      "test_metrics": {
        "accuracy": 0.6,
        "auc": 0.6599999999999999,
        "sensitivity": 0.8,
        "specificity": 0.4,
        "ppv": 0.5714285714285714,
        "npv": 0.6666666666666666,
        "f1": 0.6666666666666666,
        "tp": 8,
        "tn": 4,
        "fp": 6,
        "fn": 2
      }
    },
    {
      "fold": 3,
      "train_size": 160,
      "val_size": 20,
      "test_size": 20,
      "best_epoch": 2,
      "best_train_metrics": {
        "accuracy": 0.65,
        "auc": 0.65296875,
        "sensitivity": 0.6875,
        "specificity": 0.6125,
        "ppv": 0.6395348837209303,
        "npv": 0.6621621621621622,
        "f1": 0.6626506024096386,
        "tp": 55,
        "tn": 49,
        "fp": 31,
        "fn": 25,
        "loss": 0.6652533151209354
      },
      "best_val_metrics": {
        "accuracy": 0.8,
        "auc": 0.8400000000000001,
        "sensitivity": 1.0,
        "specificity": 0.6,
        "ppv": 0.7142857142857143,
        "npv": 1.0,
        "f1": 0.8333333333333334,
        "tp": 10,
        "tn": 6,
        "fp": 4,
        "fn": 0,