{
  "summary_statistics": {
    "train": {
      "accuracy": {
        "mean": 0.8350000000000002,
        "std": 0.12969917116157678,
        "values": [
          0.95,
          0.58125,
          0.8875,
          0.88125,
          0.875
        ]
      },
      "auc": {
        "mean": 0.8842812500000001,
        "std": 0.14730961627427788,
        "values": [
          0.9892187499999999,
          0.5921875,
          0.93578125,
          0.9646875,
          0.9395312499999999
        ]
      },
      "sensitivity": {
        "mean": 0.865,
        "std": 0.06244997998398398,
        "values": [
          0.9375,
          0.75,
          0.8875,
          0.8875,
          0.8625
        ]
      },
      "specificity": {
        "mean": 0.805,
        "std": 0.1986831648630553,
        "values": [
          0.9625,
          0.4125,
          0.8875,
          0.875,
          0.8875
        ]
      },
      "ppv": {
        "mean": 0.8341889439163582,
        "std": 0.14011910070619266,
        "values": [
          0.9615384615384616,
          0.5607476635514018,
          0.8875,
          0.8765432098765432,
          0.8846153846153846
        ]
      },
      "npv": {
        "mean": 0.8402191015163076,
        "std": 0.11144322144191239,
        "values": [
          0.9390243902439024,
          0.6226415094339622,
          0.8875,
          0.8860759493670886,
          0.8658536585365854
        ]
      },
      "f1": {
        "mean": 0.8467967235425716,
        "std": 0.10600431116971212,
        "values": [
          0.9493670886075949,
          0.6417112299465241,
          0.8875,
          0.8819875776397516,
          0.8734177215189873
        ]
      }
    },
    "val": {
      "accuracy": {
        "mean": 0.76,
        "std": 0.11135528725660043,
        "values": [
          0.95,
          0.75,
          0.8,
          0.65,
          0.65
        ]
      },
      "auc": {
        "mean": 0.858,
        "std": 0.09303762679690404,
        "values": [
          1.0,
          0.8500000000000001,
          0.9199999999999999,
          0.76,
          0.76
        ]
      },
      "sensitivity": {
        "mean": 0.74,
        "std": 0.1356465996625054,
        "values": [
          0.9,
          0.6,
          0.9,
          0.7,
          0.6
        ]
      },
      "specificity": {
        "mean": 0.7799999999999999,
        "std": 0.14696938456699069,
        "values": [
          1.0,
          0.9,
          0.7,
          0.6,
          0.7
        ]
      },
      "ppv": {
        "mean": 0.782034632034632,
        "std": 0.13319622455137656,
        "values": [
          1.0,
          0.8571428571428571,
          0.75,
          0.6363636363636364,
          0.6666666666666666
        ]
      },
      "npv": {
        "mean": 0.7558857808857808,
        "std": 0.11309091495252746,
        "values": [
          0.9090909090909091,
          0.6923076923076923,
          0.875,
          0.6666666666666666,
          0.6363636363636364
        ]
      },
      "f1": {
        "mean": 0.7539356412421429,
        "std": 0.11527355683961145,
        "values": [
          0.9473684210526315,
          0.7058823529411765,
          0.8181818181818182,
          0.6666666666666666,
          0.631578947368421
        ]
      }
    },
    "test": {
      "accuracy": {
        "mean": 0.74,
        "std": 0.15620499351813308,
        "values": [
          0.85,
          0.5,
          0.95,
          0.75,
          0.65
        ]
      },
      "auc": {
        "mean": 0.7899999999999999,
        "std": 0.16637307474468338,
        "values": [
          0.8400000000000001,
          0.48,
          0.98,
          0.8500000000000001,
          0.7999999999999999
        ]
      },
      "sensitivity": {
        "mean": 0.6799999999999999,
        "std": 0.2315167380558045,
        "values": [
          0.9,
          0.4,
          1.0,
          0.5,
          0.6
        ]
      },
      "specificity": {
        "mean": 0.8,
        "std": 0.14142135623730953,
        "values": [
          0.8,
          0.6,
          0.9,
          1.0,
          0.7
        ]
      },
      "ppv": {
        "mean": 0.7787878787878788,
        "std": 0.1776284956333678,
        "values": [
          0.8181818181818182,
          0.5,
          0.9090909090909091,
          1.0,
          0.6666666666666666
        ]
      },
      "npv": {
        "mean": 0.7383838383838384,
        "std": 0.1808165451435606,
        "values": [
          0.8888888888888888,
          0.5,
          1.0,
          0.6666666666666666,
          0.6363636363636364
        ]
      },
      "f1": {
        "mean": 0.7104427736006682,
        "std": 0.17829523751519327,
        "values": [
          0.8571428571428571,
          0.4444444444444444,
          0.9523809523809523,
          0.6666666666666666,
          0.631578947368421
        ]
      }
    }
  },
  "folds": [
    {
      "fold": 1,
      "train_size": 160,
      "val_size": 20,
      "test_size": 20,
      "best_epoch": 40,
      "best_train_metrics": {
        "accuracy": 0.95,
        "auc": 0.9892187499999999,
        "sensitivity": 0.9375,
        "specificity": 0.9625,
        "ppv": 0.9615384615384616,
        "npv": 0.9390243902439024,
        "f1": 0.9493670886075949,
        "tp": 75,
        "tn": 77,
        "fp": 3,
        "fn": 5,
        "loss": 0.15538022162945708
      },
      "best_val_metrics": {
        "accuracy": 0.95,
        "auc": 1.0,
        "sensitivity": 0.9,
        "specificity": 1.0,
        "ppv": 1.0,
        "npv": 0.9090909090909091,
        "f1": 0.9473684210526315,
        "tp": 9,
        "tn": 10,
        "fp": 0,
        "fn": 1,
        "loss": 0.1633708179811947
      },
      "test_metrics": {
        "accuracy": 0.85,
        "auc": 0.8400000000000001,
        "sensitivity": 0.9,
        "specificity": 0.8,
        "ppv": 0.8181818181818182,
        "npv": 0.8888888888888888,
        "f1": 0.8571428571428571,
        "tp": 9,
        "tn": 8,
        "fp": 2,
        "fn": 1
      }
    },
    {
      "fold": 2,
      "train_size": 160,
      "val_size": 20,
      "test_size": 20,
      "best_epoch": 2,
      "best_train_metrics": {
        "accuracy": 0.58125,
        "auc": 0.5921875,
        "sensitivity": 0.75,
        "specificity": 0.4125,
        "ppv": 0.5607476635514018,
        "npv": 0.6226415094339622,
        "f1": 0.6417112299465241,
        "tp": 60,
        "tn": 33,
        "fp": 47,
        "fn": 20,
        "loss": 0.6815794892609119
      },
      "best_val_metrics": {
        "accuracy": 0.75,
        "auc": 0.8500000000000001,
        "sensitivity": 0.6,
        "specificity": 0.9,
        "ppv": 0.8571428571428571,
        "npv": 0.6923076923076923,
        "f1": 0.7058823529411765,
        "tp": 6,
        "tn": 9,
        "fp": 1,
        "fn": 4,
        "loss": 0.613811993598938
      },
      "test_metrics": {
        "accuracy": 0.5,
        "auc": 0.48,
        "sensitivity": 0.4,
        "specificity": 0.6,
        "ppv": 0.5,
        "npv": 0.5,
        "f1": 0.4444444444444444,
        "tp": 4,
        "tn": 6,
        "fp": 4,
        "fn": 6
      }
    },
    {
      "fold": 3,
      "train_size": 160,
      "val_size": 20,
      "test_size": 20,
      "best_epoch": 20,
      "best_train_metrics": {
        "accuracy": 0.8875,
        "auc": 0.93578125,
        "sensitivity": 0.8875,
        "specificity": 0.8875,
        "ppv": 0.8875,
        "npv": 0.8875,
        "f1": 0.8875,
        "tp": 71,
        "tn": 71,
        "fp": 9,
        "fn": 9,
        "loss": 0.34571927203214725
      },
      "best_val_metrics": {
        "accuracy": 0.8,
        "auc": 0.9199999999999999,
        "sensitivity": 0.9,
        "specificity": 0.7,
        "ppv": 0.75,
        "npv": 0.875,
        "f1": 0.8181818181818182,
        "tp": 9,
        "tn": 7,
        "fp": 3,
        "fn": 1,