{
  "summary_statistics": {
    "train": {
      "accuracy": {
        "mean": 0.85625,
        "std": 0.0318688719599549,
        "values": [
          0.8875,
          0.84375,
          0.9,
          0.83125,
          0.81875
        ]
      },
      "auc": {
        "mean": 0.927125,
        "std": 0.02674543623452424,
        "values": [
          0.9440625,
          0.9157812499999999,
          0.9646875,
          0.92578125,
          0.8853125
        ]
      },
      "sensitivity": {
        "mean": 0.8474999999999999,
        "std": 0.03482097069296029,
        "values": [
          0.875,
          0.7875,
          0.8875,
          0.8375,
          0.85
        ]
      },
      "specificity": {
        "mean": 0.8649999999999999,
        "std": 0.04962358310319803,
        "values": [
          0.9,
          0.9,
          0.9125,
          0.825,
          0.7875
        ]
      },
      "ppv": {
        "mean": 0.8644353490362879,
        "std": 0.0430205128891828,
        "values": [
          0.8974358974358975,
          0.8873239436619719,
          0.9102564102564102,
          0.8271604938271605,
          0.8
        ]
      },
      "npv": {
        "mean": 0.8505448969892914,
        "std": 0.029660235416118615,
        "values": [
          0.8780487804878049,
          0.8089887640449438,
          0.8902439024390244,
          0.8354430379746836,
          0.84
        ]
      },
      "f1": {
        "mean": 0.8551575547126762,
        "std": 0.030862615776712284,
        "values": [
          0.8860759493670886,
          0.8344370860927153,
          0.8987341772151899,
          0.8322981366459627,
          0.8242424242424242
        ]
      }
    },
    "val": {
      "accuracy": {
        "mean": 0.7999999999999999,
        "std": 0.08366600265340755,
        "values": [
          0.9,
          0.85,
          0.8,
          0.8,
          0.65
        ]
      },
      "auc": {
        "mean": 0.876,
        "std": 0.07172168430816442,
        "values": [
          0.96,
          0.89,
          0.94,
          0.77,
          0.82
        ]
      },
      "sensitivity": {
        "mean": 0.78,
        "std": 0.11661903789690603,
        "values": [
          0.8,
          0.9,
          0.9,
          0.7,
          0.6
        ]
      },
      "specificity": {
        "mean": 0.82,
        "std": 0.11661903789690603,
        "values": [
          1.0,
          0.8,
          0.7,
          0.9,
          0.7
        ]
      },
      "ppv": {
        "mean": 0.821969696969697,
        "std": 0.11297789019580151,
        "values": [
          1.0,
          0.8181818181818182,
          0.75,
          0.875,
          0.6666666666666666
        ]
      },
      "npv": {
        "mean": 0.7967171717171717,
        "std": 0.09365929785715019,
        "values": [
          0.8333333333333334,
          0.8888888888888888,
          0.875,
          0.75,
          0.6363636363636364
        ]
      },
      "f1": {
        "mean": 0.7947140578719527,
        "std": 0.08968488324334764,
        "values": [
          0.8888888888888888,
          0.8571428571428571,
          0.8181818181818182,
          0.7777777777777778,
          0.631578947368421
        ]
      }
    },
    "test": {
      "accuracy": {
        "mean": 0.85,
        "std": 0.08366600265340755,
        "values": [
          0.85,
          0.75,
          1.0,
          0.85,
          0.8
        ]
      },
      "auc": {
        "mean": 0.884,
        "std": 0.07337574531137651,
        "values": [
          0.8999999999999999,
          0.8700000000000001,
          1.0,
          0.88,
          0.7700000000000001
        ]
      },
      "sensitivity": {
        "mean": 0.8400000000000001,
        "std": 0.10198039027185571,
        "values": [
          0.8,
          0.9,
          1.0,
          0.8,
          0.7
        ]
      },
      "specificity": {
        "mean": 0.86,
        "std": 0.1356465996625054,
        "values": [
          0.9,
          0.6,
          1.0,
          0.9,
          0.9
        ]
      },
      "ppv": {
        "mean": 0.869017094017094,
        "std": 0.09920514698247786,
        "values": [
          0.8888888888888888,
          0.6923076923076923,
          1.0,
          0.8888888888888888,
          0.875
        ]
      },
      "npv": {
        "mean": 0.8487012987012987,
        "std": 0.08314731585719021,
        "values": [
          0.8181818181818182,
          0.8571428571428571,
          1.0,
          0.8181818181818182,
          0.75
        ]
      },
      "f1": {
        "mean": 0.8489193999491482,
        "std": 0.08046918980787622,
        "values": [
          0.8421052631578947,
          0.782608695652174,
          1.0,
          0.8421052631578947,
          0.7777777777777778
        ]
      }
    }
  },
  "folds": [
    {
      "fold": 1,
      "train_size": 160,
      "val_size": 20,
      "test_size": 20,
      "best_epoch": 20,
      "best_train_metrics": {
        "accuracy": 0.8875,
        "auc": 0.9440625,
        "sensitivity": 0.875,
        "specificity": 0.9,
        "ppv": 0.8974358974358975,
        "npv": 0.8780487804878049,
        "f1": 0.8860759493670886,
        "tp": 70,
        "tn": 72,
        "fp": 8,
        "fn": 10,
        "loss": 0.3241826353973011
      },
      "best_val_metrics": {
        "accuracy": 0.9,
        "auc": 0.96,
        "sensitivity": 0.8,
        "specificity": 1.0,
        "ppv": 1.0,
        "npv": 0.8333333333333334,
        "f1": 0.8888888888888888,
        "tp": 8,
        "tn": 10,
        "fp": 0,
        "fn": 2,
        "loss": 0.31741304229944944
      },
      "test_metrics": {
        "accuracy": 0.85,
        "auc": 0.8999999999999999,
        "sensitivity": 0.8,
        "specificity": 0.9,
        "ppv": 0.8888888888888888,
        "npv": 0.8181818181818182,
        "f1": 0.8421052631578947,
        "tp": 8,
        "tn": 9,
        "fp": 1,
        "fn": 2
      }
    },
    {
      "fold": 2,
      "train_size": 160,
      "val_size": 20,
      "test_size": 20,
      "best_epoch": 11,
      "best_train_metrics": {
        "accuracy": 0.84375,
        "auc": 0.9157812499999999,
        "sensitivity": 0.7875,
        "specificity": 0.9,
        "ppv": 0.8873239436619719,
        "npv": 0.8089887640449438,
        "f1": 0.8344370860927153,
        "tp": 63,
        "tn": 72,
        "fp": 8,
        "fn": 17,
        "loss": 0.4067749440611806
      },
      "best_val_metrics": {
        "accuracy": 0.85,
        "auc": 0.89,
        "sensitivity": 0.9,
        "specificity": 0.8,
        "ppv": 0.8181818181818182,
        "npv": 0.8888888888888888,
        "f1": 0.8571428571428571,
        "tp": 9,
        "tn": 8,
        "fp": 2,
        "fn": 1,
        "loss": 0.48304247395135463
      },
      "test_metrics": {
        "accuracy": 0.75,
        "auc": 0.8700000000000001,
        "sensitivity": 0.9,
        "specificity": 0.6,
        "ppv": 0.6923076923076923,
        "npv": 0.8571428571428571,
        "f1": 0.782608695652174,
        "tp": 9,
        "tn": 6,
        "fp": 4,
        "fn": 1
      }
    },
    {
      "fold": 3,
      "train_size": 160,
      "val_size": 20,
      "test_size": 20,
      "best_epoch": 31,
      "best_train_metrics": {
        "accuracy": 0.9,
        "auc": 0.9646875,
        "sensitivity": 0.8875,
        "specificity": 0.9125,
        "ppv": 0.9102564102564102,
        "npv": 0.8902439024390244,
        "f1": 0.8987341772151899,
        "tp": 71,
        "tn": 73,
        "fp": 7,
        "fn": 9,
        "loss": 0.2835639704455389
      },
      "best_val_metrics": {
        "accuracy": 0.8,
        "auc": 0.94,
        "sensitivity": 0.9,
        "specificity": 0.7,
        "ppv": 0.75,
        "npv": 0.875,
        "f1": 0.8181818181818182,
        "tp": 9,
        "tn": 7,
        "fp": 3,
        "fn": 1,
        "loss": 0.40745342066511514
      },