{
  "summary_statistics": {
    "train": {
      "accuracy": {
        "mean": 0.8524999999999998,
        "std": 0.02893959225697555,
        "values": [
          0.88125,
          0.8,
          0.86875,
          0.86875,
          0.84375
        ]
      },
      "auc": {
        "mean": 0.9183749999999999,
        "std": 0.021297190248950677,
        "values": [
          0.9371875,
          0.88171875,
          0.93859375,
          0.92609375,
          0.90828125
        ]
      },
      "sensitivity": {
        "mean": 0.82,
        "std": 0.059476886266851596,
        "values": [
          0.875,
          0.7125,
          0.85,
          0.8625,
          0.8
        ]
      },
      "specificity": {
        "mean": 0.885,
        "std": 0.004999999999999983,
        "values": [
          0.8875,
          0.8875,
          0.8875,
          0.875,
          0.8875
        ]
      },
      "ppv": {
        "mean": 0.8765918492812892,
        "std": 0.007879827810896614,
        "values": [
          0.8860759493670886,
          0.8636363636363636,
          0.8831168831168831,
          0.8734177215189873,
          0.8767123287671232
        ]
      },
      "npv": {
        "mean": 0.8335147060893775,
        "std": 0.044024768310406186,
        "values": [
          0.8765432098765432,
          0.7553191489361702,
          0.8554216867469879,
          0.8641975308641975,
          0.8160919540229885
        ]
      },
      "f1": {
        "mean": 0.8464185872340593,
        "std": 0.03582327118458937,
        "values": [
          0.8805031446540881,
          0.7808219178082192,
          0.8662420382165605,
          0.8679245283018868,
          0.8366013071895425
        ]
      }
    },
    "val": {
      "accuracy": {
        "mean": 0.77,
        "std": 0.08124038404635961,
        "values": [
          0.9,
          0.8,
          0.75,
          0.75,
          0.65
        ]
      },
      "auc": {
        "mean": 0.8539999999999999,
        "std": 0.07964923100695952,
        "values": [
          0.9400000000000001,
          0.85,
          0.9299999999999999,
          0.72,
          0.83
        ]
      },
      "sensitivity": {
        "mean": 0.76,
        "std": 0.10198039027185572,
        "values": [
          0.8,
          0.9,
          0.8,
          0.7,
          0.6
        ]
      },
      "specificity": {
        "mean": 0.78,
        "std": 0.11661903789690603,
        "values": [
          1.0,
          0.7,
          0.7,
          0.8,
          0.7
        ]
      },
      "ppv": {
        "mean": 0.7843434343434343,
        "std": 0.11387292996654381,
        "values": [
          1.0,
          0.75,
          0.7272727272727273,
          0.7777777777777778,
          0.6666666666666666
        ]
      },
      "npv": {
        "mean": 0.7699494949494949,
        "std": 0.08340370460013408,
        "values": [
          0.8333333333333334,
          0.875,
          0.7777777777777778,
          0.7272727272727273,
          0.6363636363636364
        ]
      },
      "f1": {
        "mean": 0.7674793043214096,
        "std": 0.08573173583434839,
        "values": [
          0.8888888888888888,
          0.8181818181818182,
          0.7619047619047619,
          0.7368421052631579,
          0.631578947368421
        ]
      }
    },
    "test": {
      "accuracy": {
        "mean": 0.77,
        "std": 0.10295630140987,
        "values": [
          0.8,
          0.75,
          0.95,
          0.7,
          0.65
        ]
      },
      "auc": {
        "mean": 0.8540000000000001,
        "std": 0.08799999999999997,
        "values": [
          0.8400000000000001,
          0.8200000000000001,
          1.0,
          0.88,
          0.7300000000000001
        ]
      },
      "sensitivity": {
        "mean": 0.72,
        "std": 0.16,
        "values": [
          0.7,
          0.9,
          0.9,
          0.5,
          0.6
        ]
      },
      "specificity": {
        "mean": 0.82,
        "std": 0.1469693845669907,
        "values": [
          0.9,
          0.6,
          1.0,
          0.9,
          0.7
        ]
      },
      "ppv": {
        "mean": 0.8134615384615385,
        "std": 0.12264212729419381,
        "values": [
          0.875,
          0.6923076923076923,
          1.0,
          0.8333333333333334,
          0.6666666666666666
        ]
      },
      "npv": {
        "mean": 0.759090909090909,
        "std": 0.11024436586859326,
        "values": [
          0.75,
          0.8571428571428571,
          0.9090909090909091,
          0.6428571428571429,
          0.6363636363636364
        ]
      },
      "f1": {
        "mean": 0.752866768370201,
        "std": 0.11865637741069449,
        "values": [
          0.7777777777777778,
          0.782608695652174,
          0.9473684210526315,
          0.625,
          0.631578947368421
        ]
      }
    }
  },
  "folds": [
    {
      "fold": 1,
      "train_size": 160,
      "val_size": 20,
      "test_size": 20,
      "best_epoch": 19,
      "best_train_metrics": {
        "accuracy": 0.88125,
        "auc": 0.9371875,
        "sensitivity": 0.875,
        "specificity": 0.8875,
        "ppv": 0.8860759493670886,
        "npv": 0.8765432098765432,
        "f1": 0.8805031446540881,
        "tp": 70,
        "tn": 71,
        "fp": 9,
        "fn": 10,
        "loss": 0.32924707312486134
      },
      "best_val_metrics": {
        "accuracy": 0.9,
        "auc": 0.9400000000000001,
        "sensitivity": 0.8,
        "specificity": 1.0,
        "ppv": 1.0,
        "npv": 0.8333333333333334,
        "f1": 0.8888888888888888,
        "tp": 8,
        "tn": 10,
        "fp": 0,
        "fn": 2,
        "loss": 0.3166641084477305
      },
      "test_metrics": {
        "accuracy": 0.8,
        "auc": 0.8400000000000001,
        "sensitivity": 0.7,
        "specificity": 0.9,
        "ppv": 0.875,
        "npv": 0.75,
        "f1": 0.7777777777777778,
        "tp": 7,
        "tn": 9,
        "fp": 1,
        "fn": 3
      }
    },
    {
      "fold": 2,
      "train_size": 160,
      "val_size": 20,
      "test_size": 20,
      "best_epoch": 6,
      "best_train_metrics": {
        "accuracy": 0.8,
        "auc": 0.88171875,
        "sensitivity": 0.7125,
        "specificity": 0.8875,
        "ppv": 0.8636363636363636,
        "npv": 0.7553191489361702,
        "f1": 0.7808219178082192,
        "tp": 57,
        "tn": 71,
        "fp": 9,
        "fn": 23,
        "loss": 0.48885199839714916
      },
      "best_val_metrics": {
        "accuracy": 0.8,
        "auc": 0.85,
        "sensitivity": 0.9,
        "specificity": 0.7,
        "ppv": 0.75,
        "npv": 0.875,
        "f1": 0.8181818181818182,
        "tp": 9,
        "tn": 7,
        "fp": 3,
        "fn": 1,
        "loss": 0.5345137787982821
      },
      "test_metrics": {
        "accuracy": 0.75,
        "auc": 0.8200000000000001,
        "sensitivity": 0.9,
        "specificity": 0.6,
        "ppv": 0.6923076923076923,
        "npv": 0.8571428571428571,
        "f1": 0.782608695652174,
        "tp": 9,
        "tn": 6,
        "fp": 4,
        "fn": 1
      }
    },
    {
      "fold": 3,
      "train_size": 160,
      "val_size": 20,
      "test_size": 20,
      "best_epoch": 21,
      "best_train_metrics": {
        "accuracy": 0.86875,
        "auc": 0.93859375,
        "sensitivity": 0.85,
        "specificity": 0.8875,
        "ppv": 0.8831168831168831,
        "npv": 0.8554216867469879,
        "f1": 0.8662420382165605,
        "tp": 68,
        "tn": 71,
        "fp": 9,
        "fn": 12,
        "loss": 0.34422446601092815
      },
      "best_val_metrics": {
        "accuracy": 0.75,
        "auc": 0.9299999999999999,
        "sensitivity": 0.8,
        "specificity": 0.7,
        "ppv": 0.7272727272727273,
        "npv": 0.7777777777777778,
        "f1": 0.7619047619047619,
        "tp": 8,
        "tn": 7,