{
  "summary_statistics": {
    "train": {
      "accuracy": {
        "mean": 0.8300000000000001,
        "std": 0.0760756202735147,
        "values": [
          0.85625,
          0.91875,
          0.69375,
          0.86875,
          0.8125
        ]
      },
      "auc": {
        "mean": 0.8939062499999999,
        "std": 0.0749514165559931,
        "values": [
          0.916875,
          0.954375,
          0.75328125,
          0.9578125,
          0.8871875
        ]
      },
      "sensitivity": {
        "mean": 0.8099999999999999,
        "std": 0.08116341540373961,
        "values": [
          0.825,
          0.9125,
          0.675,
          0.8625,
          0.775
        ]
      },
      "specificity": {
        "mean": 0.85,
        "std": 0.07288689868556625,
        "values": [
          0.8875,
          0.925,
          0.7125,
          0.875,
          0.85
        ]
      },
      "ppv": {
        "mean": 0.8433209787133837,
        "std": 0.07611679671780054,
        "values": [
          0.88,
          0.9240506329113924,
          0.7012987012987013,
          0.8734177215189873,
          0.8378378378378378
        ]
      },
      "npv": {
        "mean": 0.8181033115590497,
        "std": 0.07686559536058267,
        "values": [
          0.8352941176470589,
          0.9135802469135802,
          0.6867469879518072,
          0.8641975308641975,
          0.7906976744186046
        ]
      },
      "f1": {
        "mean": 0.826173863921033,
        "std": 0.07800841186393953,
        "values": [
          0.8516129032258064,
          0.9182389937106918,
          0.6878980891719745,
          0.8679245283018868,
          0.8051948051948052
        ]
      }
    },
    "val": {
      "accuracy": {
        "mean": 0.76,
        "std": 0.09695359714832659,
        "values": [
          0.9,
          0.8,
          0.8,
          0.65,
          0.65
        ]
      },
      "auc": {
        "mean": 0.8480000000000001,
        "std": 0.0762627038597505,
        "values": [
          0.9400000000000001,
          0.87,
          0.91,
          0.74,
          0.78
        ]
      },
      "sensitivity": {
        "mean": 0.8,
        "std": 0.14142135623730953,
        "values": [
          0.8,
          0.9,
          1.0,
          0.7,
          0.6
        ]
      },
      "specificity": {
        "mean": 0.72,
        "std": 0.14696938456699069,
        "values": [
          1.0,
          0.7,
          0.6,
          0.6,
          0.7
        ]
      },
      "ppv": {
        "mean": 0.7534632034632034,
        "std": 0.12928511816747065,
        "values": [
          1.0,
          0.75,
          0.7142857142857143,
          0.6363636363636364,
          0.6666666666666666
        ]
      },
      "npv": {
        "mean": 0.8022727272727274,
        "std": 0.13510360613006606,
        "values": [
          0.8333333333333334,
          0.875,
          1.0,
          0.6666666666666666,
          0.6363636363636364
        ]
      },
      "f1": {
        "mean": 0.7677299308878256,
        "std": 0.10027917643877353,
        "values": [
          0.8888888888888888,
          0.8181818181818182,
          0.8333333333333334,
          0.6666666666666666,
          0.631578947368421
        ]
      }
    },
    "test": {
      "accuracy": {
        "mean": 0.82,
        "std": 0.0678232998312527,
        "values": [
          0.85,
          0.85,
          0.8,
          0.9,
          0.7
        ]
      },
      "auc": {
        "mean": 0.866,
        "std": 0.06343500610861484,
        "values": [
          0.8900000000000001,
          0.8300000000000001,
          0.93,
          0.92,
          0.76
        ]
      },
      "sensitivity": {
        "mean": 0.78,
        "std": 0.16,
        "values": [
          0.8,
          1.0,
          0.8,
          0.8,
          0.5
        ]
      },
      "specificity": {
        "mean": 0.8600000000000001,
        "std": 0.10198039027185571,
        "values": [
          0.9,
          0.7,
          0.8,
          1.0,
          0.9
        ]
      },
      "ppv": {
        "mean": 0.8582905982905983,
        "std": 0.08120359843721583,
        "values": [
          0.8888888888888888,
          0.7692307692307693,
          0.8,
          1.0,
          0.8333333333333334
        ]
      },
      "npv": {
        "mean": 0.8188744588744589,
        "std": 0.1134498489955011,
        "values": [
          0.8181818181818182,
          1.0,
          0.8,
          0.8333333333333334,
          0.6428571428571429
        ]
      },
      "f1": {
        "mean": 0.8051118738876177,
        "std": 0.09487649967297665,
        "values": [
          0.8421052631578947,
          0.8695652173913043,
          0.8,
          0.8888888888888888,
          0.625
        ]
      }
    }
  },
  "folds": [
    {
      "fold": 1,
      "train_size": 160,
      "val_size": 20,
      "test_size": 20,
      "best_epoch": 12,
      "best_train_metrics": {
        "accuracy": 0.85625,
        "auc": 0.916875,
        "sensitivity": 0.825,
        "specificity": 0.8875,
        "ppv": 0.88,
        "npv": 0.8352941176470589,
        "f1": 0.8516129032258064,
        "tp": 66,
        "tn": 71,
        "fp": 9,
        "fn": 14,
        "loss": 0.3858643843617756
      },
      "best_val_metrics": {
        "accuracy": 0.9,
        "auc": 0.9400000000000001,
        "sensitivity": 0.8,
        "specificity": 1.0,
        "ppv": 1.0,
        "npv": 0.8333333333333334,
        "f1": 0.8888888888888888,
        "tp": 8,
        "tn": 10,
        "fp": 0,
        "fn": 2,
        "loss": 0.3414672616869211
      },
      "test_metrics": {
        "accuracy": 0.85,
        "auc": 0.8900000000000001,
        "sensitivity": 0.8,
        "specificity": 0.9,
        "ppv": 0.8888888888888888,
        "npv": 0.8181818181818182,
        "f1": 0.8421052631578947,
        "tp": 8,
        "tn": 9,
        "fp": 1,
        "fn": 2
      }
    },
    {
      "fold": 2,
      "train_size": 160,
      "val_size": 20,
      "test_size": 20,
      "best_epoch": 18,
      "best_train_metrics": {
        "accuracy": 0.91875,
        "auc": 0.954375,
        "sensitivity": 0.9125,
        "specificity": 0.925,
        "ppv": 0.9240506329113924,
        "npv": 0.9135802469135802,
        "f1": 0.9182389937106918,
        "tp": 73,
        "tn": 74,
        "fp": 6,
        "fn": 7,
        "loss": 0.29352530286996625
      },
      "best_val_metrics": {
        "accuracy": 0.8,
        "auc": 0.87,
        "sensitivity": 0.9,
        "specificity": 0.7,
        "ppv": 0.75,
        "npv": 0.875,
        "f1": 0.8181818181818182,
        "tp": 9,
        "tn": 7,
        "fp": 3,
        "fn": 1,
        "loss": 0.5699056115467102
      },
      "test_metrics": {
        "accuracy": 0.85,
        "auc": 0.8300000000000001,
        "sensitivity": 1.0,
        "specificity": 0.7,
        "ppv": 0.7692307692307693,
        "npv": 1.0,
        "f1": 0.8695652173913043,
        "tp": 10,
        "tn": 7,
        "fp": 3,
        "fn": 0
      }
    },
    {
      "fold": 3,
      "train_size": 160,
      "val_size": 20,
      "test_size": 20,
      "best_epoch": 4,
      "best_train_metrics": {
        "accuracy": 0.69375,
        "auc": 0.75328125,
        "sensitivity": 0.675,
        "specificity": 0.7125,
        "ppv": 0.7012987012987013,
        "npv": 0.6867469879518072,
        "f1": 0.6878980891719745,
        "tp": 54,
        "tn": 57,
        "fp": 23,
        "fn": 26,
        "loss": 0.6265202485024929
      },
      "best_val_metrics": {
        "accuracy": 0.8,
        "auc": 0.91,
        "sensitivity": 1.0,
        "specificity": 0.6,
        "ppv": 0.7142857142857143,
        "npv": 1.0,
        "f1": 0.8333333333333334,
        "tp": 10,
        "tn": 6,
        "fp": 4,
        "fn": 0,
        "loss": 0.57945816218853
      },