{
  "final": {
    "auc": 0.8404,
    "accuracy": 0.74,
    "precision": 0.7222222222222222,
    "recall": 0.78,
    "f1_score": 0.75,
    "confusion_matrix": [
      [
        35,
        15
      ],
      [
        11,
        39
      ]
    ],
    "classification_report": "              precision    recall  f1-score   support\n\n           0       0.76      0.70      0.73        50\n           1       0.72      0.78      0.75        50\n\n    accuracy                           0.74       100\n   macro avg       0.74      0.74      0.74       100\nweighted avg       0.74      0.74      0.74       100\n"
  },
  "folds": [
    {
      "fold": 1,
      "train_size": 160,
      "val_size": 20,
      "test_size": 20,
      "best_train_metrics": {
        "accuracy": 0.85,
        "auc": 0.91578125,
        "sensitivity": 0.8375,
        "specificity": 0.8625,
        "ppv": 0.8589743589743589,
        "npv": 0.8414634146341463,
        "f1": 0.8481012658227848,
        "tp": 67,
        "tn": 69,
        "fp": 11,
        "fn": 13,
        "loss": 0.40300525541533716
      },
      "best_val_metrics": {
        "accuracy": 0.85,
        "auc": 0.9400000000000001,
        "sensitivity": 0.9,
        "specificity": 0.8,
        "ppv": 0.8181818181818182,
        "npv": 0.8888888888888888,
        "f1": 0.8571428571428571,
        "tp": 9,
        "tn": 8,
        "fp": 2,
        "fn": 1,
        "loss": 0.34471790585666895
      },
      "test_metrics": {
        "accuracy": 0.75,
        "auc": 0.7999999999999999,
        "sensitivity": 0.7,
        "specificity": 0.8,
        "ppv": 0.7777777777777778,
        "npv": 0.7272727272727273,
        "f1": 0.7368421052631579,
        "tp": 7,
        "tn": 8,
        "fp": 2,
        "fn": 3
      }
    },
    {
      "fold": 2,
      "train_size": 160,
      "val_size": 20,
      "test_size": 20,
      "best_train_metrics": {
        "accuracy": 0.975,
        "auc": 0.9953125,
        "sensitivity": 0.9625,
        "specificity": 0.9875,
        "ppv": 0.9871794871794872,
        "npv": 0.9634146341463414,
        "f1": 0.9746835443037974,
        "tp": 77,
        "tn": 79,
        "fp": 1,
        "fn": 3,
        "loss": 0.12286254453811125
      },
      "best_val_metrics": {
        "accuracy": 0.9,
        "auc": 0.8900000000000001,
        "sensitivity": 0.9,
        "specificity": 0.9,
        "ppv": 0.9,
        "npv": 0.9,
        "f1": 0.9,
        "tp": 9,
        "tn": 9,
        "fp": 1,
        "fn": 1,
        "loss": 0.4829080808267463
      },
      "test_metrics": {
        "accuracy": 0.8,
        "auc": 0.97,
        "sensitivity": 0.9,
        "specificity": 0.7,
        "ppv": 0.75,
        "npv": 0.875,
        "f1": 0.8181818181818182,
        "tp": 9,
        "tn": 7,
        "fp": 3,
        "fn": 1
      }
    },
    {
      "fold": 3,
      "train_size": 160,
      "val_size": 20,
      "test_size": 20,
      "best_train_metrics": {
        "accuracy": 0.81875,
        "auc": 0.8853125,
        "sensitivity": 0.8,
        "specificity": 0.8375,
        "ppv": 0.8311688311688312,
        "npv": 0.8072289156626506,
        "f1": 0.8152866242038217,
        "tp": 64,
        "tn": 67,
        "fp": 13,
        "fn": 16,
        "loss": 0.45070510865189134
      },
      "best_val_metrics": {
        "accuracy": 0.7,
        "auc": 0.8999999999999999,
        "sensitivity": 0.5,
        "specificity": 0.9,
        "ppv": 0.8333333333333334,
        "npv": 0.6428571428571429,
        "f1": 0.625,
        "tp": 5,
        "tn": 9,
        "fp": 1,
        "fn": 5,
        "loss": 0.48646525777876376
      },
      "test_metrics": {
        "accuracy": 0.7,
        "auc": 0.8000000000000002,
        "sensitivity": 0.7,
        "specificity": 0.7,
        "ppv": 0.7,
        "npv": 0.7,
        "f1": 0.7,
        "tp": 7,
        "tn": 7,
        "fp": 3,
        "fn": 3
      }
    },
    {
      "fold": 4,
      "train_size": 160,
      "val_size": 20,
      "test_size": 20,
      "best_train_metrics": {
        "accuracy": 0.76875,
        "auc": 0.85546875,
        "sensitivity": 0.7625,
        "specificity": 0.775,
        "ppv": 0.7721518987341772,
        "npv": 0.7654320987654321,
        "f1": 0.7672955974842768,
        "tp": 61,
        "tn": 62,
        "fp": 18,
        "fn": 19,
        "loss": 0.5337573322467506
      },
      "best_val_metrics": {
        "accuracy": 0.85,
        "auc": 0.8700000000000001,
        "sensitivity": 0.8,
        "specificity": 0.9,
        "ppv": 0.8888888888888888,
        "npv": 0.8181818181818182,
        "f1": 0.8421052631578947,
        "tp": 8,
        "tn": 9,
        "fp": 1,
        "fn": 2,
        "loss": 0.5400671944022178
      },
      "test_metrics": {
        "accuracy": 0.75,
        "auc": 0.8,
        "sensitivity": 0.7,
        "specificity": 0.8,
        "ppv": 0.7777777777777778,
        "npv": 0.7272727272727273,
        "f1": 0.7368421052631579,
        "tp": 7,
        "tn": 8,
        "fp": 2,
        "fn": 3
      }
    },
    {
      "fold": 5,
      "train_size": 160,
      "val_size": 20,
      "test_size": 20,
      "best_train_metrics": {
        "accuracy": 0.8625,
        "auc": 0.9056249999999999,
        "sensitivity": 0.8625,
        "specificity": 0.8625,
        "ppv": 0.8625,
        "npv": 0.8625,
        "f1": 0.8625,
        "tp": 69,
        "tn": 69,
        "fp": 11,
        "fn": 11,
        "loss": 0.4196795733179897
      },
      "best_val_metrics": {
        "accuracy": 0.8,
        "auc": 0.9500000000000001,
        "sensitivity": 0.7,
        "specificity": 0.9,
        "ppv": 0.875,
        "npv": 0.75,
        "f1": 0.7777777777777778,
        "tp": 7,
        "tn": 9,
        "fp": 1,
        "fn": 3,
        "loss": 0.34567217230796815
      },
      "test_metrics": {
        "accuracy": 0.7,
        "auc": 0.91,
        "sensitivity": 0.9,
        "specificity": 0.5,
        "ppv": 0.6428571428571429,
        "npv": 0.8333333333333334,
        "f1": 0.75,
        "tp": 9,
        "tn": 5,
        "fp": 5,
        "fn": 1
      }
    }
  ]
}