{
  "summary_statistics": {
    "train": {
      "accuracy": {
        "mean": 0.89,
        "std": 0.0,
        "values": [
          0.89
        ]
      },
      "auc": {
        "mean": 0.9513,
        "std": 0.0,
        "values": [
          0.9513
        ]
      },
      "sensitivity": {
        "mean": 0.895,
        "std": 0.0,
        "values": [
          0.895
        ]
      },
      "specificity": {
        "mean": 0.885,
        "std": 0.0,
        "values": [
          0.885
        ]
      },
      "precision": {
        "mean": 0.8861386138613861,
        "std": 0.0,
        "values": [
          0.8861386138613861
        ]
      },
      "npv": {
        "mean": 0.8939393939393939,
        "std": 0.0,
        "values": [
          0.8939393939393939
        ]
      },
      "f1": {
        "mean": 0.8905472636815921,
        "std": 0.0,
        "values": [
          0.8905472636815921
        ]
      }
    },
    "val": {
      "accuracy": {
        "mean": 0.88,
        "std": 0.0,
        "values": [
          0.88
        ]
      },
      "auc": {
        "mean": 0.9343999999999999,
        "std": 0.0,
        "values": [
          0.9343999999999999
        ]
      },
      "sensitivity": {
        "mean": 0.96,
        "std": 0.0,
        "values": [
          0.96
        ]
      },
      "specificity": {
        "mean": 0.8,
        "std": 0.0,
        "values": [
          0.8
        ]
      },
      "precision": {
        "mean": 0.8275862068965517,
        "std": 0.0,
        "values": [
          0.8275862068965517
        ]
      },
      "npv": {
        "mean": 0.9523809523809523,
        "std": 0.0,
        "values": [
          0.9523809523809523
        ]
      },
      "f1": {
        "mean": 0.8888888888888888,
        "std": 0.0,
        "values": [
          0.8888888888888888
        ]
      }
    },
    "test": {
      "accuracy": {
        "mean": 0.86,
        "std": 0.0,
        "values": [
          0.86
        ]
      },
      "auc": {
        "mean": 0.9264,
        "std": 0.0,
        "values": [
          0.9264
        ]
      },
      "sensitivity": {
        "mean": 0.92,
        "std": 0.0,
        "values": [
          0.92
        ]
      },
      "specificity": {
        "mean": 0.8,
        "std": 0.0,
        "values": [
          0.8
        ]
      },
      "precision": {
        "mean": 0.8214285714285714,
        "std": 0.0,
        "values": [
          0.8214285714285714
        ]
      },
      "npv": {
        "mean": 0.9090909090909091,
        "std": 0.0,
        "values": [
          0.9090909090909091
        ]
      },
      "f1": {
        "mean": 0.8679245283018868,
        "std": 0.0,
        "values": [
          0.8679245283018868
        ]
      }
    }
  },
  "folds": [
    {
      "fold": 1,
      "train_size": 400,
      "val_size": 50,
      "test_size": 50,
      "best_epoch": 10,
      "best_train_metrics": {
        "accuracy": 0.89,
        "auc": 0.9513,
        "sensitivity": 0.895,
        "recall": 0.895,
        "specificity": 0.885,
        "precision": 0.8861386138613861,
        "ppv": 0.8861386138613861,
        "npv": 0.8939393939393939,
        "f1": 0.8905472636815921,
        "tp": 179,
        "tn": 177,
        "fp": 23,
        "fn": 21,
        "loss": 0.2837724663696099
      },
      "best_val_metrics": {
        "accuracy": 0.88,
        "auc": 0.9343999999999999,
        "sensitivity": 0.96,
        "recall": 0.96,
        "specificity": 0.8,
        "precision": 0.8275862068965517,
        "ppv": 0.8275862068965517,
        "npv": 0.9523809523809523,
        "f1": 0.8888888888888888,
        "tp": 24,
        "tn": 20,
        "fp": 5,
        "fn": 1,
        "loss": 0.39272364652249964
      },
      "test_metrics": {
        "accuracy": 0.86,
        "auc": 0.9264,
        "sensitivity": 0.92,
        "recall": 0.92,
        "specificity": 0.8,
        "precision": 0.8214285714285714,
        "ppv": 0.8214285714285714,
        "npv": 0.9090909090909091,
        "f1": 0.8679245283018868,
        "tp": 23,
        "tn": 20,
        "fp": 5,
        "fn": 2,
        "loss": 0.3565967994648963
      },
      "history": {
        "train_loss": [
          0.7009141074493528,
          0.6456222099717707,
          0.5465800673281774,
          0.48048462748760357,
          0.42421891265083106,
          0.37112424324150195,
          0.36151755457773105,
          0.3168132274042,
          0.30071014520101014,
          0.2837724663696099,
          0.26439774026010127,
          0.24825404642768262,
          0.2263792902662135,
          0.19623033594263917,
          0.18061992913679206,
          0.17224742744214042,
          0.14988806963958495,
          0.14070742369046677,
          0.13822355587632387,
          0.11742045478602561
        ],
        "train_auc": [
          0.5626,
          0.663075,
          0.806675,
          0.858275,
          0.890475,
          0.914025,
          0.9189250000000001,
          0.93955,
          0.9459249999999999,
          0.9513,
          0.95985,
          0.9634,
          0.9672499999999999,
          0.977325,
          0.983175,
          0.98215,
          0.9884250000000001,
          0.9896,
          0.9894000000000001,
          0.992475
        ],
        "train_acc": [
          0.5475,
          0.6025,
          0.7525,
          0.79,
          0.825,
          0.84,
          0.8575,
          0.865,
          0.8625,
          0.89,
          0.89,
          0.89,
          0.925,
          0.9275,
          0.935,
          0.9475,
          0.9525,
          0.95,
          0.95,
          0.97
        ],
        "val_loss": [
          0.6221760749816895,
          0.5444397982954979,
          0.4855942153930664,
          0.45558597475290297,
          0.4477086067572236,
          0.38026952229440214,
          0.40975146390497685,
          0.3800067215040326,
          0.40501912771724163,
          0.39272364652249964,
          0.40808512046467516,
          0.45911368730012325,
          0.4191739215882262,
          0.4934475115837995,
          0.4891578631167067,
          0.4549166906066239,
          0.48111233898278444,
          0.5328910922618525,
          0.5389722267155593,
          0.5069191914886324
        ],
        "val_auc": [
          0.7584,
          0.8351999999999999,
          0.8736,
          0.8768,
          0.896,
          0.9136,
          0.9168,
          0.9263999999999999,
          0.9232,
          0.9343999999999999,
          0.9263999999999999,
          0.9184,
          0.904,
          0.8976,
          0.904,
          0.9199999999999999,
          0.9072,
          0.9056,
          0.8896000000000001,
          0.9072
        ],
        "val_acc": [
          0.64,
          0.74,
          0.78,
          0.76,
          0.8,
          0.82,
          0.82,
          0.84,
          0.84,
          0.88,
          0.88,
          0.86,
          0.78,
          0.86,
          0.84,
          0.88,
          0.84,
          0.84,
          0.8,
          0.84
        ]
      },
      "test_fpr": [
        0.0,
        0.0,
        0.0,
        0.08,
        0.08,
        0.12,
        0.12,
        0.2,
        0.2,
        0.4,
        0.4,
        0.56,
        0.56,
        1.0
      ],
      "test_tpr": [
        0.0,
        0.04,
        0.56,
        0.56,
        0.84,
        0.84,
        0.88,
        0.88,
        0.92,
        0.92,
        0.96,
        0.96,
        1.0,
        1.0
      ],